time,x,y,z
11:25:35:1,0.30,4.81,2.73
11:25:35:1,0.62,5.12,2.73
11:25:35:1,1.27,4.32,2.82
11:25:35:2,1.40,1.61,2.95
11:25:35:2,0.86,-0.86,3.98
11:25:35:2,0.47,-1.45,4.51
11:25:35:2,0.46,-0.50,3.90
11:25:35:2,1.06,1.31,2.49
11:25:35:2,1.87,3.08,2.23
11:25:35:2,3.19,5.03,2.90
11:25:35:2,4.47,7.12,3.56
11:25:35:2,4.92,9.90,3.40
11:25:35:2,6.00,11.36,1.03
11:25:35:3,3.58,12.02,-0.19
11:25:35:3,-2.34,8.87,-0.18
11:25:35:3,-3.15,1.93,-0.68
11:25:35:3,-3.80,-1.48,-2.02
11:25:35:3,-4.83,-3.22,-2.79
11:25:35:3,-5.45,-4.29,-2.59
11:25:35:3,-4.85,-4.63,-2.35
11:25:35:3,-2.83,-4.58,-2.35
11:25:35:3,-0.94,-4.34,-2.74
11:25:35:3,0.92,-3.91,-2.45
11:25:35:4,1.48,-3.61,-2.01
11:25:35:4,1.72,-3.60,-1.81
11:25:35:4,2.86,-3.42,-1.51
11:25:35:4,3.19,-3.62,-0.74
11:25:35:4,3.25,-4.00,-0.43
11:25:35:4,2.85,-4.40,-0.54
11:25:35:4,2.22,-4.73,-1.08
11:25:35:4,1.61,-4.80,-1.42
11:25:35:4,1.32,-4.53,-1.08
11:25:35:4,1.65,-4.49,-0.44
11:25:35:5,2.12,-4.83,0.16
11:25:35:5,1.85,-5.01,0.94
11:25:35:5,1.02,-4.61,1.37
11:25:35:5,0.42,-3.70,0.88
11:25:35:5,0.19,-2.08,0.66
11:25:35:5,-0.42,0.48,2.45
11:25:35:5,-1.38,3.68,3.76
11:25:35:5,-1.76,6.68,4.02
11:25:35:5,-2.99,8.38,2.51
11:25:35:5,-4.15,9.57,-0.88
11:25:35:6,-4.28,9.45,-3.05
11:25:35:6,-2.88,5.83,-3.58
11:25:35:6,-1.15,1.93,-2.81
11:25:35:6,0.27,-1.26,-1.63
11:25:35:6,0.40,-3.07,-1.12
11:25:35:6,-0.63,-1.40,-0.54
11:25:35:6,-0.61,4.07,1.97
11:25:35:6,0.43,8.46,5.23
11:25:35:6,-0.11,11.39,6.11
11:25:35:6,2.10,9.80,6.42
11:25:35:7,4.62,3.44,4.65
11:25:35:7,3.98,-0.97,1.46
11:25:35:7,2.97,-3.74,-0.58
11:25:35:7,1.36,-4.48,-0.71
11:25:35:7,-0.87,-4.01,-1.81
11:25:35:7,-3.39,-3.32,-2.70
11:25:35:7,-6.22,-2.38,-2.69
11:25:35:7,-7.17,-1.45,-1.83
11:25:35:7,-5.87,-0.63,-1.11
11:25:35:7,-2.80,-0.37,-0.24
11:25:35:8,0.23,-0.04,0.75
11:25:35:8,1.92,0.05,0.74
11:25:35:8,3.19,-0.37,0.29
11:25:35:8,4.09,-1.06,0.03
11:25:35:8,4.29,-1.76,0.11
11:25:35:8,3.95,-2.83,0.30
11:25:35:8,3.07,-3.69,0.75
11:25:35:8,1.79,-4.00,1.29
11:25:35:8,0.40,-3.59,1.28
11:25:35:8,-0.62,-2.89,1.00
11:25:35:9,-1.09,-2.47,0.66
11:25:35:9,-1.11,-2.25,0.30
11:25:35:9,-1.03,-2.07,-0.24
11:25:35:9,-0.90,-1.94,-0.58
11:25:35:9,-0.81,-1.85,-0.99
11:25:35:9,-0.67,-1.98,-1.41
11:25:35:9,-0.60,-2.02,-1.49
11:25:35:9,-0.63,-1.69,-1.34
11:25:35:9,-0.76,-0.84,-0.86
11:25:35:9,-0.81,0.05,-0.55
11:25:36:0,-0.85,0.67,-0.38
11:25:36:0,-0.89,0.82,-0.57
11:25:36:0,-0.78,0.38,-1.07
11:25:36:0,-0.64,-0.49,-1.73
11:25:36:0,-0.68,-1.53,-2.64
11:25:36:0,-0.48,-1.79,-3.16
11:25:36:0,-0.11,-1.28,-2.42
11:25:36:0,0.30,-0.69,-1.85
11:25:36:0,0.25,-0.12,-1.56
11:25:36:0,-0.31,0.34,-1.55
11:25:36:1,-0.77,0.51,-1.37
11:25:36:1,-1.09,0.79,-0.96
11:25:36:1,-1.16,1.33,-0.39
11:25:36:1,-0.38,2.60,-0.02
11:25:36:1,-1.00,4.07,2.10
11:25:36:1,-1.60,4.63,5.20
11:25:36:1,0.03,4.10,3.06
11:25:36:1,2.15,2.43,2.85
11:25:36:1,2.89,0.20,3.68
11:25:36:1,1.69,-2.00,4.04
11:25:36:2,-0.03,-1.73,3.95
11:25:36:2,-0.39,1.40,4.00
11:25:36:2,-0.56,4.26,5.16
11:25:36:2,-0.39,6.41,7.01
11:25:36:2,0.98,8.49,6.77
11:25:36:2,3.75,10.47,4.93
11:25:36:2,7.59,12.86,2.26
11:25:36:2,5.49,14.07,-0.29
11:25:36:2,1.33,12.43,-0.15
11:25:36:2,-0.89,6.07,-0.00
11:25:36:3,-1.39,-0.26,-1.28
11:25:36:3,-2.68,-3.21,-2.55
11:25:36:3,-4.33,-4.75,-3.57
11:25:36:3,-5.26,-5.37,-3.44
11:25:36:3,-5.30,-5.35,-3.09
11:25:36:3,-4.20,-4.89,-3.17
11:25:36:3,-2.45,-4.30,-3.33
11:25:36:3,-0.79,-3.88,-2.73
11:25:36:3,0.55,-3.75,-1.68
11:25:36:3,2.28,-4.33,-0.80
11:25:36:4,4.32,-4.79,-0.74
11:25:36:4,5.35,-4.78,-0.81
11:25:36:4,5.21,-4.73,-0.67
11:25:36:4,3.61,-5.11,-0.66
11:25:36:4,3.01,-5.30,-0.77
11:25:36:4,2.10,-5.52,-0.58
11:25:36:4,1.42,-5.71,0.06
11:25:36:4,1.02,-5.69,0.81
11:25:36:4,0.80,-5.23,1.26
11:25:36:4,0.67,-4.02,1.10
11:25:36:5,0.75,-1.82,0.14
11:25:36:5,0.39,-0.14,-0.19
11:25:36:5,-0.23,1.66,1.14
11:25:36:5,-1.03,3.87,2.95
11:25:36:5,-1.90,5.45,3.62
11:25:36:5,-2.28,6.08,1.58
11:25:36:5,-1.99,6.64,-1.20
11:25:36:5,-1.10,6.77,-2.46
11:25:36:5,0.23,5.10,-2.64
11:25:36:5,1.34,2.55,-3.12
11:25:36:6,1.82,0.73,-3.01
11:25:36:6,0.77,0.04,-0.12
11:25:36:6,-0.97,1.19,1.38
11:25:36:6,-1.82,5.39,2.73
11:25:36:6,-1.04,10.33,6.49
11:25:36:6,-0.90,13.54,7.17
11:25:36:6,-0.68,11.46,4.98
11:25:36:6,3.31,3.46,4.94
11:25:36:6,3.50,-2.55,2.16
11:25:36:6,3.11,-5.80,0.19
11:25:36:7,2.40,-6.83,-1.42
11:25:36:7,-0.09,-4.82,-2.47
11:25:36:7,-4.36,-1.91,-3.89
11:25:36:7,-7.82,-0.37,-3.11
11:25:36:7,-9.18,0.98,-1.12
11:25:36:7,-7.16,1.67,0.25
11:25:36:7,-1.17,0.00,1.03
11:25:36:7,2.32,-0.77,0.97
11:25:36:7,4.26,-1.12,0.53
11:25:36:7,5.75,-1.50,-0.41
11:25:36:8,6.52,-2.01,-0.85
11:25:36:8,5.79,-2.36,-0.34
11:25:36:8,4.22,-3.04,0.14
11:25:36:8,2.12,-4.06,0.96
11:25:36:8,0.35,-4.58,1.40
11:25:36:8,-1.28,-4.50,1.64
11:25:36:8,-2.60,-3.72,1.53
11:25:36:8,-3.27,-2.59,0.92
11:25:36:8,-3.00,-1.80,0.40
11:25:36:8,-2.26,-1.38,0.08
11:25:36:9,-1.34,-1.28,-0.40
11:25:36:9,-0.49,-1.38,-0.97
11:25:36:9,0.09,-1.53,-1.20
11:25:36:9,0.37,-1.69,-1.18
11:25:36:9,0.16,-1.58,-1.23
11:25:36:9,-0.21,-1.03,-1.15
11:25:36:9,-0.51,-0.33,-0.90
11:25:36:9,-0.65,0.04,-1.10
11:25:36:9,-0.69,-0.22,-1.91
11:25:36:9,-0.66,-0.98,-2.08
11:25:37:0,-0.52,-1.79,-1.93
11:25:37:0,-0.28,-2.14,-2.22
11:25:37:0,-0.08,-1.23,-2.04
11:25:37:0,-0.17,-0.18,-1.53
11:25:37:0,-0.58,0.24,-2.09
11:25:37:0,-1.57,0.32,-2.44
11:25:37:0,-2.68,0.36,-2.18
11:25:37:0,-3.29,0.63,-1.45
11:25:37:0,-3.37,1.22,-1.28
11:25:37:0,-2.39,2.08,-1.04
11:25:37:1,-1.51,3.24,-0.42
11:25:37:1,-1.23,4.46,1.89
11:25:37:1,-0.61,5.23,2.72
11:25:37:1,0.24,5.40,3.31
11:25:37:1,1.28,4.43,4.87
11:25:37:1,2.14,2.37,5.34
11:25:37:1,2.12,0.64,5.29
11:25:37:1,1.89,0.70,5.46
11:25:37:1,1.64,2.23,4.23
11:25:37:1,1.84,3.87,3.37
11:25:37:2,2.62,5.93,4.39
11:25:37:2,4.04,7.43,5.15
11:25:37:2,4.33,9.43,4.39
11:25:37:2,5.19,11.64,2.30
11:25:37:2,1.11,10.67,0.70
11:25:37:2,-0.03,7.48,-0.24
11:25:37:2,-1.32,2.60,-0.42
11:25:37:2,-1.93,-0.82,-1.32
11:25:37:2,-2.92,-2.62,-2.17
11:25:37:2,-3.35,-3.54,-2.67
11:25:37:3,-3.09,-3.99,-2.84
11:25:37:3,-2.70,-3.84,-2.82
11:25:37:3,-1.69,-3.55,-2.96
11:25:37:3,-0.89,-3.66,-3.05
11:25:37:3,0.37,-3.72,-2.88
11:25:37:3,1.21,-3.46,-2.43
11:25:37:3,1.35,-3.27,-1.85
11:25:37:3,0.71,-3.60,-1.28
11:25:37:3,1.34,-4.00,-0.89
11:25:37:3,1.35,-3.99,-0.69
11:25:37:4,1.57,-5.45,-0.79
11:25:37:4,1.59,-6.06,-0.80
11:25:37:4,1.68,-6.26,-0.58
11:25:37:4,2.02,-5.97,-0.28
11:25:37:4,2.29,-5.45,0.12
11:25:37:4,2.21,-4.68,0.77
11:25:37:4,1.71,-3.67,1.29
11:25:37:4,1.08,-2.62,1.05
11:25:37:4,0.83,-1.41,0.00
11:25:37:4,0.69,0.02,-0.25
11:25:37:5,0.46,1.93,2.04
11:25:37:5,-0.39,4.62,3.70
11:25:37:5,-0.46,6.61,3.98
11:25:37:5,-1.36,7.57,2.15
11:25:37:5,-1.80,8.16,-1.68
11:25:37:5,-1.19,6.99,-3.35
11:25:37:5,-0.02,3.86,-3.79
11:25:37:5,0.72,0.62,-4.11
11:25:37:5,-0.20,-1.90,-2.04
11:25:37:5,-2.13,-1.94,1.23
11:25:37:6,-2.87,2.72,3.77
11:25:37:6,-0.66,7.92,6.70
11:25:37:6,-0.97,12.65,5.31
11:25:37:6,-0.15,12.01,4.20
11:25:37:6,2.92,4.64,3.72
11:25:37:6,3.10,-1.76,1.50
11:25:37:6,2.96,-4.65,-0.36
11:25:37:6,1.64,-5.39,-1.68
11:25:37:6,-1.51,-4.08,-3.53
11:25:37:6,-5.95,-2.45,-4.15
11:25:37:7,-9.23,-0.91,-3.06
11:25:37:7,-9.82,0.79,-1.36
11:25:37:7,-6.97,1.56,0.08
11:25:37:7,-0.75,-0.12,1.79
11:25:37:7,2.85,-0.72,1.93
11:25:37:7,4.90,-0.92,1.50
11:25:37:7,6.79,-1.18,0.29
11:25:37:7,7.94,-1.50,-0.73
11:25:37:7,7.29,-1.71,-0.64
11:25:37:7,5.52,-2.08,0.02
11:25:37:8,3.13,-3.00,0.97
11:25:37:8,0.97,-3.87,1.66
11:25:37:8,-0.81,-4.49,1.89
11:25:37:8,-2.23,-4.51,1.50
11:25:37:8,-3.34,-3.95,0.80
11:25:37:8,-3.59,-3.26,0.27
11:25:37:8,-3.13,-2.56,-0.13
11:25:37:8,-2.47,-1.94,-0.51
11:25:37:8,-1.73,-1.61,-1.15
11:25:37:8,-1.03,-1.37,-1.40
11:25:37:9,-0.53,-1.25,-1.48
11:25:37:9,-0.42,-1.24,-1.33
11:25:37:9,-0.55,-1.13,-0.91
11:25:37:9,-0.50,-0.77,-0.68
11:25:37:9,-0.43,-0.43,-0.56
11:25:37:9,-0.25,-0.38,-0.95
11:25:37:9,0.00,-0.85,-1.29
11:25:37:9,0.14,-1.64,-1.90
11:25:37:9,0.25,-2.23,-3.09
11:25:37:9,0.33,-1.54,-2.71
11:25:38:0,0.19,-0.59,-1.91
11:25:38:0,-0.12,0.12,-0.88
11:25:38:0,-0.91,0.73,-0.91
11:25:38:0,-1.56,1.33,-0.91
11:25:38:0,-1.84,1.73,-0.78
11:25:38:0,-1.75,2.09,-0.69
11:25:38:0,-1.28,2.93,-0.63
11:25:38:0,-0.25,3.80,-0.57
11:25:38:0,-0.21,4.42,0.76
11:25:38:0,-0.86,4.50,2.56
11:25:38:1,-0.58,4.78,2.85
11:25:38:1,-0.14,4.54,3.39
11:25:38:1,0.63,3.12,4.95
11:25:38:1,1.29,1.00,5.30
11:25:38:1,0.84,-0.35,5.69
11:25:38:1,1.00,-0.31,5.13
11:25:38:1,2.00,0.44,3.38
11:25:38:1,2.30,2.55,2.12
11:25:38:1,3.52,4.76,2.60
11:25:38:1,4.38,7.14,3.33
11:25:38:2,4.79,9.83,3.16
11:25:38:2,5.97,13.28,0.41
11:25:38:2,0.19,12.89,-0.56
11:25:38:2,-1.74,9.03,-0.12
11:25:38:2,-2.43,2.42,-0.53
11:25:38:2,-3.91,-1.74,-2.42
11:25:38:2,-5.39,-3.85,-3.27
11:25:38:2,-5.95,-5.11,-3.20
11:25:38:2,-5.22,-5.56,-2.42
11:25:38:2,-3.45,-5.21,-2.35
11:26:04:8,1.04,-0.82,-1.74
11:26:04:8,1.29,-1.56,-1.93
11:26:04:8,1.16,-2.58,-2.84
11:26:04:8,1.15,-2.58,-2.50
11:26:04:8,0.30,-2.30,-2.96
11:26:04:8,-0.60,-1.37,-2.16
11:26:04:8,-1.71,-0.71,-1.14
11:26:04:8,-2.80,0.00,-0.84
11:26:04:8,-2.60,0.15,-0.71
11:26:04:8,-3.06,2.24,0.21
11:26:04:8,-2.24,3.49,0.41
11:26:04:9,-0.57,4.83,0.35
11:26:04:9,1.17,6.21,1.85
11:26:04:9,1.74,6.25,3.38
11:26:04:9,1.57,5.90,3.62
11:26:04:9,1.08,5.28,3.69
11:26:04:9,0.45,4.08,4.26
11:26:04:9,-0.27,1.61,4.26
11:26:04:9,-0.46,-0.30,4.57
11:26:04:9,0.04,-0.29,4.99
11:26:04:9,0.68,1.22,4.61
11:26:05:0,1.15,3.18,3.82
11:26:05:0,2.10,5.54,3.42
11:26:05:0,4.37,6.99,3.46
11:26:05:0,6.50,8.90,3.55
11:26:05:0,7.04,10.33,2.18
11:26:05:0,7.13,11.63,0.03
11:26:05:0,-0.61,9.74,-0.49
11:26:05:0,-3.32,3.38,-0.35
11:26:05:0,-3.82,-0.85,-0.25
11:26:05:0,-4.90,-2.34,-0.82
11:26:05:1,-5.44,-3.10,-1.81
11:26:05:1,-4.55,-3.10,-2.35
11:26:05:1,-3.45,-2.88,-2.16
11:26:05:1,-1.94,-4.00,-0.35
11:26:05:1,0.72,9.40,3.32
11:26:05:1,-1.00,-2.99,-0.30
11:26:05:1,4.85,-1.61,-1.34
11:26:05:1,2.12,-3.29,-2.39
11:26:05:1,2.53,-3.34,-1.68
11:26:05:1,2.19,-4.03,-1.14
11:26:05:2,2.45,-4.70,-1.21
11:26:05:2,2.23,-5.46,-1.52
11:26:05:2,1.76,-6.38,-1.88
11:26:05:2,1.37,-7.04,-1.93
11:26:05:2,1.16,-7.22,-1.47
11:26:05:2,1.14,-6.58,-0.32
11:26:05:2,1.17,-5.00,0.95
11:26:05:2,1.36,-3.74,1.55
11:26:05:2,1.46,-2.90,1.61
11:26:05:2,1.18,-2.40,0.66
11:26:05:3,0.82,-2.11,-0.54
11:26:05:3,0.41,-0.95,0.39
11:26:05:3,-0.27,0.56,2.63
11:26:05:3,-0.94,2.80,5.35
11:26:05:3,-1.78,5.40,4.39
11:26:05:3,-2.82,7.87,1.14
11:26:05:3,-3.35,9.74,-2.25
11:26:05:3,-2.48,8.34,-3.77
11:26:05:3,-1.10,3.92,-3.85
11:26:05:3,-0.32,-0.68,-3.59
11:26:05:4,-0.44,-3.45,-3.38
11:26:05:4,-1.27,-3.32,-0.49
11:26:05:4,-2.16,-1.15,0.33
11:26:05:4,-0.29,3.36,2.51
11:26:05:4,1.10,8.51,5.43
11:26:05:4,0.54,13.32,6.66
11:26:05:4,0.85,13.80,7.81
11:26:05:4,3.67,6.91,4.25
11:26:05:4,3.24,0.62,1.43
11:26:05:4,0.70,-1.96,1.91
11:26:05:5,-0.50,-2.86,0.68
11:26:05:5,-1.42,-2.94,-3.29
11:26:05:5,-4.20,-2.49,-4.36
11:26:05:5,-6.16,-2.21,-3.06
11:26:05:5,-6.72,-2.19,-2.16
11:26:05:5,-6.01,-1.69,-0.97
11:26:05:5,-2.04,-0.74,0.82
11:26:05:5,1.56,0.00,1.85
11:26:05:5,4.69,0.70,1.56
11:26:05:5,5.97,0.66,0.91
11:26:05:6,6.75,0.08,0.08
11:26:05:6,6.05,-0.57,-0.41
11:26:05:6,4.55,-1.53,-0.28
11:26:05:6,2.94,-3.26,0.89
11:26:05:6,1.50,-4.65,1.80
11:26:05:6,0.11,-5.37,1.95
11:26:05:6,-1.23,-5.23,1.68
11:26:05:6,-2.68,-4.17,0.90
11:26:05:6,-3.27,-2.94,-0.13
11:26:05:6,-3.05,-1.92,-0.72
11:26:05:7,-2.48,-1.34,-0.77
11:26:05:7,-1.85,-1.31,-0.90
11:26:05:7,-1.26,-1.45,-1.38
11:26:05:7,-0.85,-1.44,-1.62
11:26:05:7,-0.62,-1.47,-1.63
11:26:05:7,-0.54,-1.84,-1.59
11:26:05:7,-0.69,-2.04,-1.41
11:26:05:7,-0.52,-1.99,-1.24
11:26:05:7,-0.81,-1.04,-0.53
11:26:05:7,-0.72,-0.53,-0.59
11:26:05:8,-0.29,-0.57,-1.12
11:26:05:8,0.09,-1.07,-1.58
11:26:05:8,0.35,-1.46,-2.39
11:26:05:8,0.51,-0.95,-2.95
11:26:05:8,0.83,-0.63,-3.42
11:26:05:8,0.72,-1.13,-2.75
11:26:05:8,-0.77,-1.62,-2.23
11:26:05:8,-2.70,-1.78,-1.61
11:26:05:8,-3.90,-1.22,-0.40
11:26:05:8,-3.47,0.84,0.13
11:26:05:9,-1.72,3.18,0.22
11:26:05:9,-0.72,5.18,1.13
11:26:05:9,0.24,7.02,3.40
11:26:05:9,1.30,8.50,4.19
11:26:05:9,1.60,8.26,4.57
11:26:05:9,1.71,6.26,4.84
11:26:05:9,1.02,3.08,4.92
11:26:05:9,-0.00,1.42,6.22
11:26:05:9,0.09,1.21,5.48
11:26:05:9,0.88,1.29,3.19
11:26:06:0,0.95,2.60,1.74
11:26:06:0,1.48,4.75,3.64
11:26:06:0,3.73,6.26,4.88
11:26:06:0,5.04,7.99,5.38
11:26:06:0,5.88,9.86,2.98
11:26:06:0,5.20,11.36,0.56
11:26:06:0,-0.69,9.42,-0.39
11:26:06:0,-2.16,3.77,-0.22
11:26:06:0,-2.27,-0.49,-0.81
11:26:06:0,-3.39,-2.66,-1.64
11:26:06:1,-3.84,-4.06,-2.39
11:26:06:1,-3.62,-4.93,-2.91
11:26:06:1,-2.98,-5.08,-3.16
11:26:06:1,-1.80,-4.56,-3.67
11:26:06:1,-0.59,-3.91,-3.72
11:26:06:1,0.12,-3.43,-3.51
11:26:06:1,0.42,-3.47,-3.25
11:26:06:1,1.08,-3.44,-2.77
11:26:06:1,1.26,-3.78,-1.96
11:26:06:1,1.43,-4.40,-1.25
11:26:06:2,1.55,-5.17,-1.08
11:26:06:2,1.56,-5.79,-1.10
11:26:06:2,1.56,-6.17,-1.26
11:26:06:2,1.63,-5.86,-1.06
11:26:06:2,1.67,-5.27,-0.37
11:26:06:2,1.72,-4.63,0.39
11:26:06:2,1.68,-3.88,1.18
11:26:06:2,1.43,-3.05,1.50
11:26:06:2,1.22,-2.35,1.25
11:26:06:2,1.37,-1.31,0.78
11:26:06:3,1.05,1.20,3.28
11:26:06:3,-0.10,4.31,4.88
11:26:06:3,-0.41,6.83,5.09
11:26:06:3,-0.95,8.72,2.48
11:26:06:3,-1.11,10.19,-0.62
11:26:06:3,-0.52,9.83,-2.49
11:26:06:3,0.50,6.67,-3.61
11:26:06:3,0.93,2.59,-3.83
11:26:06:3,0.14,-0.84,-0.11
11:26:06:3,-2.09,0.07,2.01
11:26:06:4,-1.46,5.24,6.13
11:26:06:4,-0.36,10.21,7.64
11:26:06:4,-1.87,12.22,3.48
11:26:06:4,1.38,6.11,2.04
11:26:06:4,2.62,-1.81,1.98
11:26:06:4,2.77,-5.17,0.56
11:26:06:4,2.63,-6.86,-2.08
11:26:06:4,1.66,-6.49,-3.31
11:26:06:4,-1.77,-4.70,-3.22
11:26:06:4,-6.24,-2.36,-3.85
11:26:06:5,-9.95,0.96,-2.57
11:26:06:5,-11.04,4.63,-0.33
11:26:06:5,-5.72,4.21,2.50
11:26:06:5,0.37,1.23,2.44
11:26:06:5,2.97,-0.23,1.32
11:26:06:5,4.30,-1.17,0.23
11:26:06:5,5.60,-1.85,-0.40
11:26:06:5,6.63,-2.23,-0.25
11:26:06:5,6.58,-2.45,0.26
11:26:06:5,5.41,-3.03,0.85
11:26:06:6,3.44,-3.61,1.50
11:26:06:6,1.43,-4.05,1.84
11:26:06:6,-0.09,-4.06,1.83
11:26:06:6,-1.55,-3.41,1.41
11:26:06:6,-2.21,-2.92,0.84
11:26:06:6,-2.27,-2.82,0.05
11:26:06:6,-1.97,-2.90,-0.57
11:26:06:6,-1.68,-2.97,-1.16
11:26:06:6,-1.58,-2.65,-1.19
11:26:06:6,-1.31,-2.08,-0.91
11:26:06:7,-1.15,-1.52,-0.77
11:26:06:7,-1.06,-1.38,-1.12
11:26:06:7,-0.87,-1.37,-1.18
11:26:06:7,-0.71,-0.98,-1.12
11:26:06:7,-0.40,-0.55,-1.16
11:26:06:7,-0.01,-0.79,-1.60
11:26:06:7,0.43,-1.49,-1.97
11:26:06:7,0.47,-2.14,-2.71
11:26:06:7,0.29,-1.86,-3.18
11:26:06:7,-0.22,-0.77,-2.47
11:26:06:8,-0.86,-0.01,-1.88
11:26:06:8,-1.82,0.49,-1.51
11:26:06:8,-2.45,1.38,-1.38
11:26:06:8,-2.50,2.34,-0.99
11:26:06:8,-2.05,3.06,-0.12
11:26:06:8,-0.82,3.78,0.92
11:26:06:8,0.44,4.45,1.60
11:26:06:8,0.44,5.46,3.51
11:26:06:8,0.22,6.41,4.37
11:26:06:8,0.27,6.79,4.15
11:26:06:9,0.99,5.73,4.77
11:26:06:9,1.55,3.06,5.06
11:26:06:9,1.53,-0.14,4.84
11:26:06:9,0.82,-1.28,4.53
11:26:06:9,0.40,-1.24,2.94
11:26:06:9,-0.03,0.09,1.36
11:26:06:9,-0.45,2.67,1.35
11:26:06:9,0.21,5.08,3.27
11:26:06:9,2.26,6.88,4.23
11:26:06:9,4.20,8.92,3.52
11:26:07:0,6.03,11.50,0.85
11:26:07:0,0.24,11.07,-0.68
11:26:07:0,-2.53,7.53,-1.03
11:26:07:0,-2.75,1.44,-1.55
11:26:07:0,-3.10,-2.69,-3.07
11:26:07:0,-3.88,-4.48,-3.77
11:26:07:0,-4.34,-5.42,-3.64
11:26:07:0,-3.84,-5.80,-3.35
11:26:07:0,-2.37,-5.70,-2.78
11:26:07:0,-1.09,-5.30,-2.58
11:26:07:1,0.59,-4.57,-2.53
11:26:07:1,2.05,-3.68,-2.24
11:26:07:1,2.76,-3.20,-1.88
11:26:07:1,3.53,-2.99,-1.10
11:26:07:1,4.29,-2.90,-0.52
11:26:07:1,3.99,-3.41,-0.19
11:26:07:1,3.97,-4.02,-0.11
11:26:07:1,3.70,-4.30,-0.40
11:26:07:1,2.53,-4.78,-0.68
11:26:07:1,2.16,-4.96,-0.64
11:26:07:2,1.83,-5.10,-0.28
11:26:07:2,1.43,-5.12,0.50
11:26:07:2,0.86,-4.55,1.08
11:26:07:2,0.45,-3.90,0.83
11:26:07:2,-0.16,-2.90,1.40
11:26:07:2,-0.61,-1.74,2.44
11:26:07:2,-1.60,0.29,3.88
11:26:07:2,-1.91,3.34,5.45
11:26:07:2,-1.79,6.54,4.74
11:26:07:2,-2.23,9.91,2.13
11:26:07:3,-2.33,11.28,-1.17
11:26:07:3,-1.31,8.69,-2.98
11:26:07:3,-0.26,3.89,-4.45
11:26:07:3,0.06,-0.02,-4.09
11:26:07:3,-0.61,-1.11,-0.41
11:26:07:3,-2.25,-0.39,1.25
11:26:07:3,-3.14,3.14,1.94
11:26:07:3,-2.75,8.37,4.41
11:26:07:3,-1.98,11.28,4.76
11:26:07:3,0.14,9.15,4.69
11:26:07:4,3.86,4.08,4.63
11:26:07:4,4.82,-0.92,0.16
11:26:07:4,3.95,-3.91,-3.28
11:26:07:4,3.36,-6.11,-2.47
11:26:07:4,1.99,-5.35,-0.50
11:26:07:4,-1.19,-2.93,-1.88
11:26:07:4,-5.40,-1.53,-3.22
11:26:07:4,-9.13,-0.51,-1.87
11:26:07:4,-10.29,2.18,0.35
11:26:07:4,-7.27,3.78,1.17
11:26:07:5,-1.18,1.88,1.81
11:26:07:5,2.01,0.69,1.96
11:26:07:5,3.65,-0.38,1.11
11:26:07:5,5.23,-1.20,-0.15
11:26:07:5,6.47,-1.79,-0.66
11:26:07:5,6.56,-2.56,0.03
11:26:07:5,5.58,-3.58,0.55
11:26:07:5,4.01,-4.54,0.86
11:26:07:5,2.25,-5.04,1.46
11:26:07:5,0.25,-4.83,1.75
11:26:07:6,-1.56,-3.85,1.23
11:26:07:6,-2.62,-2.74,0.80
11:26:07:6,-2.95,-2.00,0.67
11:26:07:6,-2.90,-1.56,0.37
11:26:07:6,-2.63,-1.26,-0.21
11:26:07:6,-2.32,-0.98,-0.62
11:26:07:6,-1.79,-0.80,-1.01
11:26:07:6,-1.20,-0.97,-1.52
11:26:07:6,-0.89,-1.16,-1.89
11:26:07:6,-0.80,-0.92,-1.85
11:26:07:7,-0.55,-0.59,-1.48
11:26:07:7,-0.23,-0.87,-1.21
11:26:07:7,0.10,-1.80,-1.34
11:26:07:7,0.50,-2.63,-1.82
11:26:07:7,0.92,-2.36,-2.77
11:26:07:7,0.83,-1.27,-2.63
11:26:07:7,0.38,-0.75,-2.93
11:26:07:7,-0.32,-1.04,-2.46
11:26:07:7,-1.48,-1.13,-1.56
11:26:07:7,-2.23,-0.56,-1.32
11:26:07:8,-2.40,0.33,-1.43
11:26:07:8,-1.97,1.34,-0.62
11:26:07:8,-0.98,2.59,-0.01
11:26:07:8,0.57,3.99,0.16
11:26:07:8,0.44,5.10,1.92
11:26:07:8,-0.10,5.95,3.51
11:26:07:8,0.58,5.89,3.76
11:26:07:8,1.77,4.70,3.80
11:26:07:8,1.85,2.66,3.15
11:26:07:8,0.82,0.67,3.16
11:26:07:9,-0.08,0.09,2.96
11:26:07:9,-0.24,0.90,2.71
11:26:07:9,-0.34,2.67,2.45
11:26:07:9,-0.35,4.39,3.02
11:26:07:9,0.09,5.79,4.12
11:26:07:9,1.46,7.15,3.79
11:26:07:9,4.27,8.93,2.55
11:26:07:9,5.69,11.03,1.54
11:26:07:9,1.25,10.63,0.71
11:26:07:9,-1.09,6.37,-0.01
11:26:08:0,-0.93,0.67,-1.32
11:26:08:0,-1.81,-2.00,-1.91
11:26:08:0,-2.18,-3.54,-2.39
11:26:08:0,-2.68,-4.23,-2.65
11:26:08:0,-2.84,-4.31,-2.65
11:26:08:0,-2.47,-4.06,-2.49
11:26:08:0,-1.32,-3.42,-2.80
11:26:08:0,-0.23,-2.74,-2.93
11:26:08:0,0.80,-2.40,-2.46
11:26:08:0,1.20,-2.52,-1.82
11:26:08:1,1.43,-2.99,-1.20
11:26:08:1,1.51,-4.30,-0.80
11:26:08:1,1.81,-5.42,-0.56
11:26:08:1,1.75,-6.38,-0.45
11:26:08:1,1.64,-7.21,-0.45
11:26:08:1,1.83,-7.66,-0.67
11:26:08:1,2.16,-7.21,-0.37
11:26:08:1,2.32,-5.92,0.35
11:26:08:1,2.19,-4.22,1.50
11:26:08:1,1.86,-2.94,2.32
11:26:08:2,1.61,-2.05,2.16
11:26:08:2,1.31,-1.43,1.86
11:26:08:2,0.72,-0.16,2.37
11:26:08:2,0.05,1.35,4.16
11:26:08:2,0.65,3.48,6.05
11:26:08:2,0.85,5.96,4.73
11:26:08:2,-0.39,8.80,0.66
11:26:08:2,-0.73,9.58,-1.83
11:26:08:2,-0.50,7.29,-3.13
11:26:08:2,-0.45,3.10,-4.55
11:26:08:3,-0.87,-0.62,-6.02
11:26:08:3,-1.54,-2.42,-3.90
11:26:08:3,-2.08,-2.94,2.70
11:26:08:3,-3.84,-1.94,1.36
11:26:08:3,-2.76,2.41,0.21
11:26:08:3,-0.70,6.90,3.27
11:26:08:3,-0.48,10.67,4.32
11:26:08:3,1.21,10.91,6.18
11:26:08:3,3.89,5.90,3.96
11:26:08:3,4.05,1.79,1.29
11:26:08:4,2.88,-0.86,1.33
11:26:08:4,2.02,-1.79,-0.22
11:26:08:4,0.66,-1.41,-2.19
11:26:08:4,-1.92,-1.03,-3.04
11:26:08:4,-5.55,-0.79,-3.42
11:26:08:4,-7.43,-0.99,-2.65
11:26:08:4,-6.65,-1.13,-1.55
11:26:08:4,-3.80,-0.96,-0.32
11:26:08:4,-0.56,-0.29,0.72
11:26:08:4,1.41,0.43,0.95
11:26:08:5,2.79,0.59,0.68
11:26:08:5,3.77,0.32,0.60
11:26:08:5,3.82,-0.28,0.88
11:26:08:5,3.55,-1.21,1.07
11:26:08:5,3.10,-2.46,1.31
11:26:08:5,2.27,-3.68,1.54
11:26:08:5,1.32,-4.23,1.41
11:26:08:5,0.05,-4.18,0.80
11:26:08:5,-0.85,-3.83,0.11
11:26:08:5,-1.68,-3.36,-0.65
11:26:08:6,-1.94,-2.91,-0.77
11:26:08:6,-2.03,-2.44,-0.81
11:26:08:6,-1.82,-2.10,-0.98
11:26:08:6,-1.58,-1.86,-1.10
11:26:08:6,-1.51,-1.54,-0.72
11:26:08:6,-1.35,-1.20,-0.68
11:26:08:6,-1.11,-1.13,-0.94
11:26:08:6,-0.80,-1.31,-1.10
11:26:08:6,-0.59,-1.56,-1.06
11:26:08:6,-0.45,-1.73,-1.11
11:26:08:7,-0.23,-1.95,-1.53
11:26:08:7,0.22,-2.49,-2.50
11:26:08:7,0.91,-2.61,-3.28
11:26:08:7,1.41,-2.17,-2.72
11:26:08:7,1.60,-1.86,-1.95
11:26:08:7,0.72,-1.58,-0.79
11:26:08:7,-0.57,-0.60,0.19
11:26:08:7,-1.61,0.72,0.72
11:26:08:7,-2.49,1.84,0.40
11:26:08:7,-2.29,2.61,-0.21
11:26:08:8,-1.25,3.13,-0.39
11:26:08:8,0.81,3.75,0.40
11:26:08:8,2.18,4.19,0.67
11:26:08:8,2.19,4.60,2.06
11:26:08:8,2.27,5.11,3.07
11:26:08:8,2.55,5.49,3.01
11:26:08:8,1.80,5.18,4.85
11:26:08:8,0.75,3.90,6.18
11:26:08:8,-0.84,2.07,6.53
11:26:08:8,-2.02,0.81,6.36
11:26:08:9,-1.61,0.92,4.70
11:26:08:9,-0.84,1.69,3.52
11:26:08:9,0.05,3.47,3.20
11:26:08:9,1.86,5.52,3.54
11:26:08:9,5.56,7.11,2.88
11:26:08:9,11.53,9.90,0.93
11:26:08:9,6.59,12.21,0.18
11:26:08:9,0.31,9.84,0.06
11:26:08:9,-1.81,4.47,-0.31
11:26:08:9,-2.97,0.55,-1.61
11:26:09:0,-5.03,-1.52,-2.58
11:26:09:0,-5.94,-2.66,-3.03
11:26:09:0,-6.07,-3.45,-3.05
11:26:09:0,-4.54,-4.07,-3.12
11:26:09:0,-2.06,-4.16,-2.86
11:26:09:0,-0.25,-4.13,-2.52
11:26:09:0,0.40,-4.39,-2.28
11:26:09:0,1.79,-4.39,-1.92
11:26:09:0,2.16,-4.37,-1.24
11:26:09:0,2.50,-4.33,-0.84
11:26:09:1,2.75,-4.36,-0.66
11:26:09:1,2.80,-4.58,-0.82
11:26:09:1,2.55,-4.85,-1.14
11:26:09:1,2.03,-4.93,-1.46
11:26:09:1,1.61,-4.93,-1.49
11:26:09:1,1.52,-4.77,-0.84
11:26:09:1,1.58,-4.51,0.18
11:26:09:1,1.39,-3.97,0.92
11:26:09:1,1.32,-3.23,1.23
11:26:09:1,1.33,-2.83,0.26
11:26:09:2,1.34,-2.57,-0.92
11:26:09:2,1.06,-1.72,0.51
11:26:09:2,0.52,0.18,3.56
11:26:09:2,0.10,2.34,5.47
11:26:09:2,-0.09,5.41,4.50
11:26:09:2,-0.98,8.21,0.66
11:26:09:2,-1.72,10.58,-3.01
11:26:09:2,-1.58,9.12,-3.60
11:26:09:2,-1.02,4.30,-3.84
11:26:09:2,-1.06,-0.91,-5.38
11:26:09:3,-2.22,-2.90,-2.48
11:26:09:3,-4.41,-3.66,2.72
11:26:09:3,-6.29,-0.94,2.02
11:26:09:3,-3.09,5.09,2.86
11:26:09:3,-1.18,9.66,5.42
11:26:09:3,-0.65,12.54,5.50
11:26:09:3,2.90,10.06,5.30
11:26:09:3,6.09,4.29,3.92
11:26:09:3,5.68,0.79,1.33
11:26:09:3,4.45,-2.07,-0.78
11:26:09:4,2.16,-3.54,-1.60
11:26:09:4,-1.56,-3.48,-4.10
11:26:09:4,-4.76,-3.21,-3.95
11:26:09:4,-6.84,-3.22,-2.40
11:26:09:4,-7.68,-2.39,-1.34
11:26:09:4,-6.10,-1.12,-0.87
11:26:09:4,-3.32,-0.42,-0.42
11:26:09:4,0.01,0.23,0.50
11:26:09:4,2.38,0.67,1.13
11:26:09:4,3.97,0.40,0.45
11:26:09:5,4.76,-0.27,-0.13
11:26:09:5,4.63,-0.88,0.02
11:26:09:5,3.98,-1.84,0.61
11:26:09:5,3.36,-2.80,1.42
11:26:09:5,2.61,-3.44,2.02
11:26:09:5,1.64,-3.65,2.07
11:26:09:5,0.66,-3.64,1.74
11:26:09:5,-0.20,-3.56,1.14
11:26:09:5,-0.69,-3.34,0.64
11:26:09:5,-0.80,-2.97,0.47
11:26:09:6,-0.74,-2.52,0.39
11:26:09:6,-0.60,-2.10,-0.05
11:26:09:6,-0.49,-1.79,-0.57
11:26:09:6,-0.41,-1.51,-0.73
11:26:09:6,-0.34,-1.37,-0.72
11:26:09:6,-0.41,-1.32,-0.58
11:26:09:6,-0.66,-1.10,-0.27
11:26:09:6,-0.94,-0.60,-0.51
11:26:09:6,-0.92,-0.09,-0.92
11:26:09:6,-0.46,-0.29,-1.12
11:26:09:7,0.04,-1.29,-1.78
11:26:09:7,0.61,-2.06,-3.19
11:26:09:7,0.87,-2.07,-3.63
11:26:09:7,0.60,-2.04,-4.03
11:26:09:7,-0.40,-2.31,-3.49
11:26:09:7,-2.16,-2.14,-2.89
11:26:09:7,-3.51,-1.34,-1.79
11:26:09:7,-3.96,-0.11,-0.75
11:26:09:7,-3.38,1.54,-0.13
11:26:09:7,-2.35,3.19,0.41
11:26:09:8,-0.51,4.78,1.01
11:26:09:8,0.77,6.03,2.53
11:26:09:8,0.86,6.40,3.63
11:26:09:8,0.48,6.41,2.83
11:26:09:8,0.41,5.68,3.12
11:26:09:8,0.80,2.91,3.93
11:26:09:8,0.46,0.25,3.95
11:26:09:8,0.09,-1.18,4.44
11:26:09:8,0.03,-0.96,3.68
11:26:09:8,0.95,0.52,2.81
11:26:09:9,1.04,2.45,2.31
11:26:09:9,1.55,4.90,3.38
11:26:09:9,3.30,7.17,3.56
11:26:09:9,4.67,9.74,2.63
11:26:09:9,7.71,12.69,0.96
11:26:09:9,1.72,13.37,0.39
11:26:09:9,-2.86,8.74,0.02
11:26:09:9,-2.99,1.82,-0.85
11:26:09:9,-4.14,-2.02,-2.48
11:26:09:9,-5.51,-4.14,-3.36
11:26:10:0,-5.91,-5.42,-3.60
11:26:10:0,-5.04,-5.75,-3.15
11:26:10:0,-3.14,-5.15,-2.50
11:26:10:0,-0.92,-4.04,-2.28
11:26:10:0,0.79,-2.89,-1.97
11:26:10:0,1.74,-2.05,-1.65
11:26:10:0,2.27,-1.93,-1.41
11:26:10:0,3.44,-2.21,-1.21
11:26:10:0,4.05,-2.56,-0.92
11:26:10:0,3.84,-3.45,-0.60
11:26:10:1,3.40,-4.44,-0.49
11:26:10:1,2.53,-5.52,-0.55
11:26:10:1,1.91,-6.32,-0.53
11:26:10:1,1.73,-6.90,-0.28
11:26:10:1,1.90,-6.90,0.28
11:26:10:1,1.80,-6.20,1.02
11:26:10:1,1.60,-4.62,2.35
11:26:10:1,1.50,-3.06,3.07
11:26:10:1,0.97,-1.71,2.71
11:26:10:1,0.53,-0.66,2.30
11:26:10:2,0.72,0.47,2.28
11:26:10:2,0.99,1.74,3.17
11:26:10:2,2.17,4.19,4.78
11:26:10:2,1.74,7.20,3.14
11:26:10:2,-0.54,10.37,-0.38
11:26:10:2,-2.03,10.18,-1.90
11:26:10:2,-1.78,4.94,-3.06
11:26:10:2,-1.56,0.41,-4.39
11:26:10:2,-1.81,-2.25,-3.66
11:26:10:2,-4.02,-3.43,-0.63
11:26:10:3,-7.12,-1.77,-1.22
11:26:10:3,-5.07,3.03,2.19
11:26:10:3,-1.57,8.43,6.57
11:26:10:3,1.02,13.30,5.78
11:26:10:3,3.45,11.61,2.26
11:26:10:3,5.13,4.77,-2.66
11:26:10:3,3.94,-0.89,-4.53
11:26:10:3,2.27,-5.37,-0.71
11:26:10:3,0.22,-6.16,-0.53
11:26:10:3,-2.21,-4.61,-3.41
11:26:10:4,-4.39,-4.02,-2.25
11:26:10:4,-6.80,-3.08,-0.69
11:26:10:4,-8.80,-0.18,0.10
11:26:10:4,-8.45,3.84,1.31
11:26:10:4,-2.25,4.15,1.96
11:26:10:4,2.79,3.30,2.26
11:26:10:4,4.83,2.16,1.89
11:26:10:4,5.58,0.53,0.49
11:26:10:4,5.82,-0.80,-0.59
11:26:10:4,5.18,-1.53,-0.07
11:26:10:5,4.40,-2.63,0.79
11:26:10:5,3.51,-3.99,1.50
11:26:10:5,2.31,-4.93,2.11
11:26:10:5,1.33,-5.09,2.18
11:26:10:5,0.10,-4.45,1.60
11:26:10:5,-1.06,-3.18,0.69
11:26:10:5,-1.55,-2.33,0.22
11:26:10:5,-1.54,-1.79,0.00
11:26:10:5,-1.20,-1.59,-0.14
11:26:10:5,-0.74,-1.62,-0.58
11:26:10:6,-0.46,-1.53,-0.69
11:26:10:6,-0.38,-1.38,-0.85
11:26:10:6,-0.50,-1.46,-1.31
11:26:10:6,-0.88,-1.70,-1.50
11:26:10:6,-1.26,-1.63,-1.21
11:26:10:6,-1.40,-1.48,-1.18
11:26:10:6,-1.29,-1.69,-1.01
11:26:10:6,-1.19,-2.32,-1.22
11:26:10:6,-1.02,-2.90,-2.40
11:26:10:6,-0.89,-2.50,-3.30
11:26:10:7,-1.03,-1.51,-3.40
11:26:10:7,-1.28,-1.30,-3.03
11:26:10:7,-2.15,-1.35,-2.22
11:26:10:7,-3.20,-0.92,-1.49
11:26:10:7,-3.80,-0.21,-0.94
11:26:10:7,-3.48,0.69,-0.85
11:26:10:7,-2.45,2.07,-0.82
11:26:10:7,-1.71,3.92,-0.30
11:26:10:7,-0.58,5.79,1.50
11:26:10:7,1.28,7.24,2.20
11:26:10:8,2.52,7.35,3.07
11:26:10:8,1.66,5.63,4.65
11:26:10:8,1.00,3.41,5.71
11:26:10:8,1.18,1.54,6.09
11:26:10:8,0.87,1.33,5.73
11:26:10:8,1.19,2.00,3.82
11:26:10:8,2.00,2.76,2.61
11:26:10:8,2.96,4.33,1.80
11:26:10:8,4.26,5.79,1.92
11:26:10:8,6.66,7.83,2.52
11:26:10:9,8.27,10.34,2.07
11:26:10:9,2.69,11.38,1.42
11:26:10:9,-2.91,7.49,0.70
11:26:10:9,-3.59,2.31,0.13
11:26:10:9,-4.00,-0.56,-1.12
11:26:10:9,-4.42,-1.80,-2.07
11:26:10:9,-4.29,-2.76,-2.22
11:26:10:9,-3.76,-3.11,-2.19
11:26:10:9,-3.28,-3.14,-2.29
11:26:10:9,-1.85,-3.00,-2.15
11:26:11:0,0.09,-2.33,-1.94
11:26:11:0,0.88,-1.82,-1.71
11:26:11:0,1.49,-1.56,-1.84
11:26:11:0,1.21,-2.18,-2.00
11:26:11:0,1.76,-2.50,-2.12
11:26:11:0,1.60,-3.06,-1.97
11:26:11:0,1.34,-3.71,-1.69
11:26:11:0,1.11,-4.52,-1.26
11:26:11:0,0.79,-5.18,-1.20
11:26:11:0,0.62,-5.81,-1.41
11:26:11:1,0.76,-6.28,-1.52
11:26:11:1,1.48,-6.20,-1.07
11:26:11:1,1.98,-5.22,0.27
11:26:11:1,1.99,-4.26,1.71
11:26:11:1,2.06,-3.45,2.22
11:26:11:1,2.19,-2.52,1.39
11:26:11:1,1.98,-1.61,0.49
11:26:11:1,1.70,-1.36,0.58
11:26:11:1,1.47,-0.03,2.84
11:26:11:1,0.56,2.34,4.39
11:26:11:2,0.49,5.13,4.73
11:26:11:2,-0.41,7.05,2.59
11:26:11:2,-1.58,8.05,-2.01
11:26:11:2,-1.80,7.27,-3.72
11:26:11:2,-1.89,5.11,-4.03
11:26:11:2,-1.50,1.95,-0.85
11:26:11:2,-2.62,-0.72,2.19
11:26:11:2,-4.57,3.38,3.17
11:26:11:2,-2.93,9.95,9.28
11:26:11:2,-1.86,16.22,6.82
11:26:11:3,-0.96,14.56,1.13
11:26:11:3,3.75,4.64,0.93
11:26:11:3,4.55,-3.09,-0.03
11:26:11:3,5.44,-8.03,-1.35
11:26:11:3,4.35,-9.61,-3.56
11:26:11:3,1.65,-8.35,-3.26
11:26:11:3,-1.75,-6.58,-3.08
11:26:11:3,-7.83,-3.42,-3.06
11:26:11:3,-13.12,2.88,-1.58
11:26:11:3,-13.12,8.30,0.25
11:26:11:4,-2.74,4.59,3.20
11:26:11:4,3.23,0.95,4.04
11:26:11:4,4.70,-0.27,3.23
11:26:11:4,5.61,-1.02,0.82
11:26:11:4,7.20,-1.85,-1.46
11:26:11:4,7.78,-2.29,-2.06
11:26:11:4,6.47,-2.59,-0.91
11:26:11:4,4.03,-2.99,0.86
11:26:11:4,1.07,-3.53,1.60
11:26:11:4,-1.50,-3.72,1.09
11:26:11:5,-3.23,-3.58,0.72
11:26:11:5,-4.10,-3.10,0.59
11:26:11:5,-4.08,-2.54,0.35
11:26:11:5,-3.29,-2.29,-0.16
11:26:11:5,-2.16,-2.15,-0.60
11:26:11:5,-1.10,-2.16,-0.94
11:26:11:5,-0.16,-2.17,-1.11
11:26:11:5,0.64,-2.12,-0.91
11:26:11:5,1.05,-1.93,-0.93
11:26:11:5,1.14,-1.55,-0.68
11:26:11:6,1.04,-1.08,-0.50
11:26:11:6,0.85,-0.58,-0.60
11:26:11:6,0.60,-0.26,-1.00
11:26:11:6,0.24,-0.24,-1.31
11:26:11:6,-0.09,-0.55,-1.23
11:26:11:6,-0.50,-1.17,-1.61
11:26:11:6,-0.94,-1.89,-2.52
11:26:11:6,-1.08,-1.74,-2.34
11:26:11:6,-1.06,-1.29,-2.05
11:26:11:6,-0.88,-1.18,-1.49
11:26:11:7,-1.29,-1.04,-1.27
11:26:11:7,-1.88,-0.56,-0.85
11:26:11:7,-1.94,0.18,-0.33
11:26:11:7,-1.49,1.25,-0.09
11:26:11:7,-0.24,2.84,0.08
11:26:11:7,0.65,4.24,0.81
11:26:11:7,1.07,5.29,2.55
11:26:11:7,1.75,6.06,3.11
11:26:11:7,2.08,5.93,3.08
11:26:11:7,1.65,4.81,4.04
11:26:11:8,0.80,2.53,4.50
11:26:11:8,-0.18,0.35,4.75
11:26:11:8,-0.51,-0.46,5.38
11:26:11:8,0.14,0.18,4.46
11:26:11:8,0.64,1.55,3.33
11:26:11:8,1.13,3.83,2.21
11:26:11:8,2.22,5.46,2.27
11:26:11:8,3.28,7.65,2.59
11:26:11:8,3.04,9.61,2.32
11:26:11:8,3.00,10.30,0.83
11:26:11:9,1.41,9.29,-1.48
11:26:11:9,-3.74,5.16,-2.25
11:26:11:9,-4.95,-0.30,-1.65
11:26:11:9,-5.95,-2.54,-1.57
11:26:11:9,-6.41,-3.55,-1.61
11:26:11:9,-5.41,-4.09,-1.77
11:26:11:9,-2.83,-4.33,-2.10
11:26:11:9,-0.40,-4.03,-2.59
11:26:11:9,1.42,-3.47,-2.90
11:26:11:9,2.84,-2.94,-2.88
11:26:12:0,3.48,-2.92,-2.66
11:26:12:0,3.92,-3.32,-2.35
11:26:12:0,4.39,-3.71,-1.81
11:26:12:0,4.16,-3.74,-1.15
11:26:12:0,2.80,-4.05,-0.79
11:26:12:0,1.40,-4.35,-0.76
11:26:12:0,0.42,-4.55,-0.52
11:26:12:0,0.13,-4.82,-0.14
11:26:12:0,0.37,-5.08,0.32
11:26:12:0,0.38,-5.17,0.60
11:26:12:1,0.24,-4.60,0.92
11:26:12:1,0.52,-3.40,1.35
11:26:12:1,0.73,-2.36,1.41
11:26:12:1,0.57,-1.69,0.50
11:26:12:1,0.34,-1.22,-0.00
11:26:12:1,0.39,0.77,2.80
11:26:12:1,0.46,3.13,5.02
11:26:12:1,1.51,5.76,4.85
11:26:12:1,1.17,7.98,2.57
11:26:12:1,0.46,8.85,-1.34
11:26:12:2,0.01,8.15,-3.18
11:26:12:2,-0.28,4.87,-3.57
11:26:12:2,-0.63,0.77,-4.44
11:26:12:2,-1.64,-1.79,-2.61
11:26:12:2,-3.66,-3.45,1.34
11:26:12:2,-6.13,-1.32,0.72
11:26:12:2,-3.02,3.60,3.67
11:26:12:2,-0.47,8.58,6.60
11:26:12:2,1.10,14.06,7.35
11:26:12:2,2.20,15.54,4.33
11:26:12:3,4.53,6.55,1.06
11:26:12:3,3.87,-0.88,-0.57
11:26:12:3,2.12,-4.97,-1.18
11:26:12:3,0.13,-6.48,-2.81
11:26:12:3,-2.02,-6.27,-4.22
11:26:12:3,-3.87,-5.97,-2.40
11:26:12:3,-5.57,-5.08,-1.07
11:26:12:3,-6.29,-3.29,-0.95
11:26:12:3,-5.09,-0.95,-0.27
11:26:12:3,-1.60,1.15,0.50
11:26:12:4,3.32,1.96,1.74
11:26:12:4,6.09,1.73,2.41
11:26:12:4,6.63,1.08,1.36
11:26:12:4,5.94,-0.23,0.00
11:26:12:4,4.46,-1.72,-0.29
11:26:12:4,2.94,-3.14,0.28
11:26:12:4,1.58,-4.10,1.14
11:26:12:4,0.26,-4.32,1.65
11:26:12:4,-1.25,-3.66,1.09
11:26:12:4,-2.27,-2.89,0.33
11:26:12:5,-2.75,-2.32,-0.14
11:26:12:5,-2.87,-1.78,-0.22
11:26:12:5,-2.44,-1.49,-0.40
11:26:12:5,-1.81,-1.36,-0.76
11:26:12:5,-1.15,-1.44,-1.18
11:26:12:5,-0.54,-1.63,-1.37
11:26:12:5,-0.30,-1.61,-1.29
11:26:12:5,-0.31,-1.16,-0.99
11:26:12:5,-0.48,-0.59,-0.84
11:26:12:5,-0.70,-0.20,-1.06
11:26:12:6,-0.56,-0.36,-1.48
11:26:12:6,-0.27,-0.94,-1.69
11:26:12:6,0.03,-1.70,-2.08
11:26:12:6,0.19,-2.21,-2.62
11:26:12:6,0.27,-1.82,-2.36
11:26:12:6,-0.01,-0.79,-1.38
11:26:12:6,-0.20,0.08,-0.52
11:26:12:6,-0.64,0.46,0.07
11:26:12:6,-1.53,0.86,0.14
11:26:12:6,-2.20,1.38,0.13
11:26:12:7,-2.30,2.16,0.19
11:26:12:7,-1.51,3.27,0.09
11:26:12:7,-0.76,4.75,0.32
11:26:12:7,-0.13,6.15,1.81
11:26:12:7,0.47,6.33,2.68
11:26:12:7,0.90,4.77,3.17
11:26:12:7,0.03,2.60,3.58
11:26:12:7,-0.74,0.45,3.48
11:26:12:7,-0.48,-0.61,3.08
11:26:12:7,-0.25,-0.61,2.03
11:26:12:8,0.30,0.36,1.27
11:26:12:8,0.83,2.39,1.76
11:26:12:8,1.62,4.58,2.90
11:26:12:8,3.07,6.56,3.66
11:26:12:8,5.83,7.29,3.05
11:26:12:8,6.17,8.04,1.65
11:26:12:8,2.64,7.92,0.56
11:26:12:8,-1.03,5.71,-0.09
11:26:12:8,-3.03,1.53,-0.92
11:26:12:8,-3.60,-1.44,-2.22
11:26:12:9,-3.66,-3.29,-3.03
11:26:12:9,-3.35,-4.17,-3.29
11:26:12:9,-2.58,-4.20,-2.97
11:26:12:9,-1.22,-3.75,-2.36
11:26:12:9,0.13,-3.19,-1.79
11:26:12:9,0.93,-2.67,-1.30
11:26:12:9,1.46,-2.07,-1.14
11:26:12:9,1.94,-1.93,-1.16
11:26:12:9,2.26,-2.23,-0.96
11:26:12:9,2.60,-2.86,-0.72
11:26:13:0,2.95,-3.58,-0.58
11:26:13:0,3.14,-3.23,1.95
11:26:13:0,-1.48,-3.59,2.12
11:26:13:0,3.29,-4.83,-2.65
11:26:13:0,3.00,-4.73,-4.85
11:26:13:0,1.88,-4.39,-2.02
11:26:13:0,0.90,-4.14,-0.81
11:26:13:0,0.32,-4.11,-1.70
11:26:13:0,0.15,-4.18,-0.32
11:26:13:0,0.76,-3.69,0.29
11:26:13:1,-1.53,-2.06,3.14
11:26:13:1,-2.64,-0.89,3.07
11:26:13:1,-1.30,1.35,3.28
11:26:13:1,-0.63,3.52,3.99
11:26:13:1,-0.07,4.85,3.45
11:26:13:1,0.48,5.76,1.50
11:26:13:1,-0.99,7.21,-0.12
11:26:13:1,-0.54,6.14,-0.44
11:26:13:1,-0.56,4.10,-3.94
11:26:13:1,0.31,0.79,-4.83
11:26:13:2,-0.16,-2.18,-5.06
11:26:13:2,-1.45,-3.42,-1.94
11:26:13:2,-2.91,-3.53,1.89
11:26:13:2,-3.72,0.02,0.82
11:26:13:2,-2.42,3.86,2.70
11:26:13:2,-2.02,7.22,5.39
11:26:13:2,-1.49,8.01,7.65
11:26:13:2,0.09,8.03,6.03
11:26:13:2,1.84,8.05,0.36
11:26:13:2,2.65,6.10,-1.14
11:26:13:3,1.09,1.76,-1.39
11:26:13:3,0.85,-1.52,-1.06
11:26:13:3,0.25,-0.83,-6.06
11:26:13:3,-0.92,-6.36,0.61
11:26:13:3,-2.94,-7.73,-0.19
11:26:13:3,-2.45,-6.88,-0.41
11:26:13:3,-2.81,-3.43,-0.93
11:26:13:3,-3.43,0.12,-0.29
11:26:13:3,-0.98,2.30,-0.20
11:26:13:3,1.37,2.66,-0.30
11:26:13:4,3.20,1.36,-0.20
11:26:13:4,3.89,-0.15,-0.55
11:26:13:4,3.48,-1.18,-0.33
11:26:13:4,2.62,-2.13,0.31
11:26:13:4,1.80,-3.23,1.24
11:26:13:4,1.70,-3.83,1.61
11:26:13:4,1.39,-4.10,1.28
11:26:13:4,0.59,-3.87,0.75
11:26:13:4,-0.06,-3.72,0.04
11:26:13:4,-0.18,-3.59,-0.02
11:26:13:5,-0.07,-3.27,0.35
11:26:13:5,-0.40,-2.57,0.40
11:26:13:5,-0.61,-1.86,-0.13
11:26:13:5,-0.77,-1.16,-0.31
11:26:13:5,-1.02,-0.92,0.37
11:26:13:5,-1.01,-1.05,0.98
11:26:13:5,-0.70,-1.05,0.36
11:26:13:5,-0.54,-0.74,0.03
11:26:13:5,-0.98,-0.62,-0.86
11:26:13:5,0.07,-0.77,-1.01
11:26:13:6,0.84,-0.91,-0.53
11:26:13:6,1.54,-1.10,-0.09
11:26:13:6,1.71,-1.24,-0.27
11:26:13:6,1.06,-0.46,-0.77
11:26:13:6,1.07,-0.13,-0.83
11:26:13:6,0.64,-0.08,-0.56
11:26:13:6,-0.15,-0.57,-0.72
11:26:13:6,-0.66,-0.86,-0.84
11:26:13:6,-1.23,-0.55,-0.90
11:26:13:6,-1.57,-0.03,-0.92
11:26:13:7,-2.05,1.08,-0.44
11:26:13:7,-2.28,1.87,0.34
11:26:13:7,-2.08,1.98,0.95
11:26:13:7,-2.38,2.80,1.48
11:26:13:7,-3.58,6.38,2.73
11:26:13:7,-2.87,6.22,2.87
11:26:13:7,-1.94,5.11,2.43
11:26:13:7,-0.51,3.47,2.26
11:26:13:7,0.78,2.23,3.20
11:26:13:7,1.26,1.46,3.53
11:26:13:8,1.12,1.32,2.64
11:26:13:8,0.93,2.04,2.97
11:26:13:8,0.55,3.61,3.65
11:26:13:8,0.03,5.25,3.69
11:26:13:8,-0.10,6.31,3.54
11:26:13:8,1.47,6.68,3.19
11:26:13:8,4.51,5.89,2.47
11:26:13:8,4.95,4.80,-0.32
11:26:13:8,2.19,3.64,-3.93
11:26:13:8,0.74,1.94,-4.20
11:26:13:9,-0.03,0.24,-3.57
11:26:13:9,-0.88,-1.60,-4.05
11:26:13:9,-1.77,-2.22,-3.19
11:26:13:9,-2.51,-1.98,-1.94
11:26:13:9,-2.81,-2.22,-1.41
11:26:13:9,-2.47,-2.89,-1.15
11:26:13:9,-1.80,-3.60,-1.05
11:26:13:9,-1.06,-4.05,-1.06
11:26:13:9,-0.48,-4.33,-1.18
11:26:13:9,0.15,-4.27,-1.20
11:26:14:0,0.99,-3.95,-1.09
11:26:14:0,1.86,-3.31,-0.63
11:26:14:0,2.34,-2.61,-0.48
11:26:14:0,2.80,-2.01,-0.94
11:26:14:0,3.12,-1.91,-1.64
11:26:14:0,3.36,-2.06,-1.74
11:26:14:0,3.20,-2.05,-1.44
11:26:14:0,2.72,-1.89,-0.47
11:26:14:0,0.88,-2.04,1.10
11:26:14:0,-1.02,-2.50,2.69
11:26:14:1,-0.44,-3.98,3.11
11:26:14:1,0.29,-5.78,0.64
11:26:14:1,-0.84,-4.40,1.29
11:26:14:1,-1.28,-0.86,2.12
11:26:14:1,-1.02,2.64,1.74
11:26:14:1,-1.07,4.86,0.57
11:26:14:1,-1.29,6.50,-0.87
11:26:14:1,-1.53,7.36,-1.99
11:26:14:1,-1.36,5.97,-3.01
11:26:14:1,-0.91,2.84,-3.50
11:26:14:2,-0.86,-0.32,-3.66
11:26:14:2,-1.00,-2.17,-2.44
11:26:14:2,-1.61,-2.79,-0.06
11:26:14:2,-2.35,-1.64,0.46
11:26:14:2,-1.81,2.30,1.55
11:26:14:2,-0.42,7.02,3.90
11:26:14:2,0.48,9.80,4.78
11:26:14:2,1.60,9.96,4.55
11:26:14:2,2.91,6.77,2.63
11:26:14:2,2.96,1.95,-0.44
11:26:14:3,1.65,-1.25,-1.81
11:26:14:3,0.37,-3.36,-1.65
11:26:14:3,-0.95,-4.63,-1.30
11:26:14:3,-2.77,-4.92,-1.28
11:26:14:3,-4.14,-3.80,0.04
11:26:14:3,-5.30,-1.73,0.70
11:26:14:3,-5.59,0.19,0.98
11:26:14:3,-3.23,1.14,0.59
11:26:14:3,0.13,1.24,0.91
11:26:14:3,2.93,0.93,1.26
11:26:14:4,4.93,0.19,0.70
11:26:14:4,5.88,-0.58,-0.15
11:26:14:4,6.03,-1.21,-0.46
11:26:14:4,5.35,-2.13,-0.06
11:26:14:4,3.65,-3.50,0.54
11:26:14:4,1.65,-4.04,0.67
11:26:14:4,-0.14,-4.16,0.80
11:26:14:4,-1.88,-3.69,0.69
11:26:14:4,-3.16,-3.13,0.91
11:26:14:4,-3.55,-2.76,0.98
11:26:14:5,-3.35,-2.34,0.82
11:26:14:5,-2.80,-1.85,0.19
11:26:14:5,-2.05,-1.35,-0.17
11:26:14:5,-1.20,-0.86,-0.30
11:26:14:5,-0.36,-0.53,-0.25
11:26:14:5,0.27,-0.43,-0.34
11:26:14:5,0.45,-0.49,-0.28
11:26:14:5,0.27,-0.52,-0.24
11:26:14:5,0.13,-0.41,-0.38
11:26:14:5,0.21,-0.40,-0.68
11:26:14:6,0.37,-0.65,-1.37
11:26:14:6,0.62,-1.17,-1.89
11:26:14:6,0.81,-1.93,-2.66
11:26:14:6,0.81,-1.89,-2.59
11:26:14:6,0.49,-1.64,-2.21
11:26:14:6,-0.27,-1.44,-1.48
11:26:14:6,-1.65,-0.94,-1.10
11:26:14:6,-2.61,-0.22,-0.90
11:26:14:6,-3.04,0.49,-0.74
11:26:14:6,-2.83,1.45,-0.65
11:26:14:7,-2.05,2.44,-0.19
11:26:14:7,-0.84,3.22,0.48
11:26:14:7,0.59,3.98,0.77
11:26:14:7,0.96,4.71,1.30
11:26:14:7,0.74,5.44,2.27
11:26:14:7,0.60,5.83,2.97
11:26:14:7,0.61,4.95,3.67
11:26:14:7,0.02,2.55,4.43
11:26:14:7,-0.50,0.73,5.18
11:26:14:7,-0.39,-0.15,5.47
11:26:14:8,0.56,-0.29,3.54
11:26:14:8,1.48,0.36,1.36
11:26:14:8,1.78,1.98,1.72
11:26:14:8,2.51,4.45,2.23
11:26:14:8,4.27,6.99,1.16
11:26:14:8,5.63,9.49,0.69
11:26:14:8,4.75,9.93,0.11
11:26:14:8,1.48,7.75,0.35
11:26:14:8,-0.76,3.92,-0.11
11:26:14:8,-2.57,1.42,-0.75
11:26:14:8,-4.19,-0.64,-1.49
11:29:05:7,-1.31,0.02,0.68
11:29:05:7,0.04,-0.10,0.05
11:29:05:8,0.03,-0.10,0.05
11:29:05:8,0.06,-0.09,0.05
11:29:05:8,0.11,-0.07,0.01
11:29:05:8,0.10,-0.05,-0.03
11:29:05:8,0.09,-0.06,0.01
11:29:05:8,0.04,-0.04,-0.01
11:29:05:8,0.03,-0.06,-0.04
11:29:05:8,0.03,-0.06,-0.03
11:29:05:8,-0.02,-0.07,-0.03
11:29:05:8,-0.03,-0.03,-0.04
11:29:05:8,-0.01,0.01,-0.03
11:29:05:9,-0.02,0.05,-0.04
11:29:05:9,-0.02,0.05,-0.04
11:29:05:9,-0.02,0.05,-0.07
11:29:05:9,0.02,0.03,-0.08
11:29:05:9,0.05,0.01,-0.02
11:29:05:9,0.02,0.02,-0.05
11:29:05:9,0.00,0.03,-0.02
11:29:05:9,0.00,-0.03,-0.04
11:29:05:9,-0.01,0.00,-0.02
11:29:06:0,-0.01,-0.02,0.03
11:29:06:0,0.00,-0.06,0.00
11:29:06:0,0.02,-0.07,0.00
11:29:06:0,0.02,-0.08,-0.01
11:29:06:0,0.01,-0.10,-0.03
11:29:06:0,0.01,-0.10,-0.01
11:29:06:0,-0.02,-0.10,-0.00
11:29:06:0,-0.00,-0.11,0.01
11:29:06:0,-0.01,-0.11,0.02
